ID,Pass,Grade,Pass Sess 0,Grade Sess 0,Grade Sess 1,Pass Sess 1
134806,2,-1,2,-1,-1,2
141133,2,-1,2,-1,-1,2
141699,2,-1,2,-1,-1,2
148194,1,3,2,-1,3,1
159955,2,-1,2,-1,-1,2
171324,2,-1,2,-1,-1,2
171798,2,-1,2,-1,-1,2
171997,1,3,2,-1,-1,2
172546,2,-1,2,-1,-1,2
173333,2,-1,2,-1,-1,2
176190,1,2,1,2,-1,-1
176301,1,2,1,2,-1,-1
180886,1,2,2,-1,-1,2
182803,2,-1,2,-1,-1,2
183521,2,-1,2,-1,-1,2
185493,2,-1,2,-1,-1,2
185638,2,-1,2,-1,-1,2
186166,1,2,2,-1,-1,2
186636,1,3,2,-1,-1,2
187285,1,3,1,3,-1,-1
187597,2,-1,2,-1,-1,2
193528,2,-1,2,-1,-1,2
193808,2,-1,2,-1,-1,2
194148,1,3,2,-1,3,1
194177,2,-1,2,-1,-1,2
194362,1,2,2,-1,-1,0
194408,1,2,1,2,-1,-1
195243,2,-1,2,-1,-1,2
195957,1,3,2,-1,-1,2
196152,2,-1,2,-1,-1,2
196892,2,-1,2,-1,-1,2
197376,1,2,1,2,-1,-1
197979,2,-1,2,-1,-1,2
200819,2,-1,2,-1,-1,2
200836,2,-1,2,-1,-1,2
200844,1,2,2,-1,-1,2
200946,2,-1,2,-1,-1,2
201006,1,1,2,-1,-1,2
201020,2,-1,2,-1,-1,2
201220,2,-1,2,-1,-1,2
201645,2,-1,2,-1,-1,2
203010,1,1,2,-1,1,1
203450,2,-1,2,-1,-1,2
203514,1,1,1,1,-1,-1
203597,2,-1,2,-1,-1,2
203928,1,2,2,-1,2,1
204216,1,2,1,2,-1,-1
204815,2,-1,2,-1,-1,2
204880,1,2,1,2,-1,-1
204976,2,-1,2,-1,-1,2
205018,1,2,2,-1,-1,2
205103,2,-1,2,-1,-1,2
205340,2,-1,2,-1,-1,2
205391,1,3,2,-1,3,1
205766,1,1,1,1,-1,-1
205909,1,2,2,-1,-1,0
206596,1,3,1,3,-1,-1
206618,0,-1,2,-1,-1,2
207120,1,3,1,3,-1,-1
207248,1,1,0,-1,1,1
207316,2,-1,2,-1,-1,2
207436,1,2,2,-1,-1,2
208342,1,3,2,-1,3,1
211888,2,-1,2,-1,-1,2
211999,2,-1,2,-1,-1,2
212092,2,-1,2,-1,-1,2
212185,1,2,1,2,-1,-1
212300,2,-1,2,-1,-1,2
212493,1,3,1,3,-1,-1
212712,2,-1,2,-1,-1,2
213076,2,-1,2,-1,-1,2
213193,1,2,2,-1,2,1
213385,1,2,2,-1,-1,2
213393,1,1,2,-1,-1,2
213891,1,3,2,-1,3,1
214134,1,2,1,2,-1,-1
214552,1,2,1,2,-1,-1
214555,1,2,1,2,-1,-1
214684,2,-1,2,-1,-1,2
214827,1,2,2,-1,-1,2
214916,2,-1,2,-1,-1,2
214955,2,-1,2,-1,-1,2
214960,1,2,1,2,-1,-1
215449,1,2,1,2,-1,-1
215536,1,2,1,2,-1,-1
215741,1,2,2,-1,-1,2
215855,2,-1,2,-1,-1,2
215904,1,1,2,-1,1,1
215988,1,3,0,-1,3,1
216178,1,2,2,-1,2,1
216249,1,3,2,-1,-1,0
216576,2,-1,2,-1,-1,2
216668,1,3,2,-1,3,1
216774,2,-1,2,-1,-1,2
217057,1,3,1,3,-1,-1
217230,0,-1,2,-1,-1,0
217257,2,-1,2,-1,-1,2
217322,1,3,2,-1,-1,2
217448,2,-1,2,-1,-1,2
217818,2,-1,2,-1,-1,2
217970,1,3,2,-1,3,1
218029,2,-1,2,-1,-1,2
218123,2,-1,2,-1,-1,2
218310,1,3,1,3,3,1
218332,1,3,1,3,-1,-1
218583,2,-1,2,-1,-1,2
218710,1,3,1,3,-1,-1
218768,2,-1,2,-1,-1,2
218827,2,-1,2,-1,-1,2
218838,1,2,1,2,-1,-1
219502,1,2,2,-1,-1,0
219567,2,-1,2,-1,-1,2
222646,1,2,2,-1,-1,2
222715,1,3,2,-1,-1,2
222743,1,2,1,2,-1,-1
222857,2,-1,2,-1,-1,2
222889,2,-1,2,-1,-1,2
223038,1,2,2,-1,-1,2
223039,1,1,1,1,-1,-1
223057,1,1,2,-1,-1,2
223110,1,3,1,3,-1,-1
223269,1,1,2,-1,1,1
223927,1,2,2,-1,-1,2
224013,1,3,1,3,-1,-1
224181,1,2,2,-1,-1,2
224313,1,2,1,2,-1,-1
224399,1,3,2,-1,3,1
224433,2,-1,2,-1,-1,2
224630,2,-1,2,-1,-1,2
224632,0,-1,2,-1,-1,0
225063,2,-1,2,-1,-1,2
225951,2,-1,2,-1,-1,2
225982,1,2,1,2,-1,-1
226131,1,2,2,-1,-1,2
226265,1,3,2,-1,-1,2
226421,1,3,2,-1,-1,2
226464,1,3,2,-1,-1,0
226517,1,2,1,2,-1,-1
226619,1,1,2,-1,-1,2
226718,1,3,1,3,-1,-1
226761,1,3,2,-1,3,1
226808,2,-1,2,-1,-1,2
227086,1,1,2,-1,-1,2
227245,1,2,2,-1,-1,2
227246,1,1,1,1,-1,-1
227564,1,2,2,-1,3,1
227689,1,3,2,-1,-1,0
227734,2,-1,2,-1,-1,2
227834,1,3,1,3,-1,-1
227969,1,2,2,-1,-1,0
227998,2,-1,2,-1,-1,2
228074,2,-1,2,-1,-1,2
228260,1,3,1,3,-1,-1
228326,2,-1,2,-1,-1,2
228341,0,-1,2,-1,-1,0
228347,2,-1,2,-1,-1,2
228354,2,-1,2,-1,-1,2
228397,2,-1,2,-1,-1,2
228464,1,3,2,-1,-1,2
228534,0,-1,2,-1,-1,0
228544,2,-1,2,-1,-1,2
228547,2,-1,2,-1,-1,2
228653,1,2,2,-1,2,1
228732,1,2,2,-1,-1,2
229135,1,1,2,-1,-1,2
229200,1,1,2,-1,1,1
229231,1,2,2,-1,2,1
229305,2,-1,2,-1,-1,2
229335,1,1,2,-1,1,1
229441,2,-1,2,-1,-1,2
229445,1,3,2,-1,-1,0
229703,1,2,2,-1,2,1
229798,2,-1,2,-1,-1,2
229803,1,1,1,1,-1,-1
229820,1,3,2,-1,-1,0
229973,1,3,2,-1,-1,2
230003,2,-1,2,-1,-1,2
230803,2,-1,2,-1,-1,2
230964,1,3,2,-1,3,1
231911,1,2,1,2,-1,-1
233690,1,2,1,2,-1,-1
233692,1,3,0,-1,3,1
233715,1,1,1,1,-1,-1
233777,2,-1,2,-1,-1,2
233837,1,1,1,1,-1,-1
233868,1,1,1,1,-1,-1
233882,1,1,1,1,-1,-1
233894,1,2,1,2,-1,-1
233935,1,2,1,2,-1,-1
233961,2,-1,2,-1,-1,2
233970,1,2,1,2,-1,-1
233979,2,-1,2,-1,-1,2
233996,0,-1,0,-1,-1,2
234095,1,1,2,-1,1,1
234112,2,-1,2,-1,-1,2
234117,2,-1,2,-1,-1,2
234128,1,1,2,-1,-1,2
234139,1,2,2,-1,-1,0
234143,1,3,2,-1,-1,2
234192,2,-1,2,-1,-1,2
234228,2,-1,2,-1,-1,2
234274,1,2,2,-1,-1,2
234288,1,2,2,-1,-1,2
234341,1,2,2,-1,-1,2
234362,1,1,1,1,-1,-1
234407,1,1,2,-1,1,1
234445,1,1,1,1,-1,-1
234447,1,3,1,3,-1,-1
234451,1,2,1,2,-1,-1
234457,1,2,1,2,-1,-1
234463,2,-1,2,-1,-1,2
234465,1,3,2,-1,3,1
234551,2,-1,2,-1,-1,2
234564,1,3,2,-1,-1,2
234627,1,1,2,-1,-1,2
234710,1,2,1,2,-1,-1
234735,2,-1,2,-1,-1,2
234768,2,-1,2,-1,-1,2
234803,2,-1,2,-1,-1,2
234813,2,-1,2,-1,-1,2
234836,1,2,2,-1,-1,0
234970,1,2,1,2,-1,-1
235000,1,2,1,2,-1,-1
235002,1,1,1,1,-1,-1
235017,1,2,1,2,-1,-1
235018,1,3,1,3,-1,-1
235069,1,3,1,3,3,1
235078,1,2,2,-1,-1,2
235087,1,2,2,-1,-1,2
235092,1,2,1,2,-1,-1
235130,1,2,1,2,-1,-1
235147,2,-1,2,-1,-1,2
235225,1,1,2,-1,1,1
235330,1,2,2,-1,2,1
235372,1,1,1,1,-1,-1
235432,1,3,2,-1,-1,2
235508,1,1,2,-1,-1,2
235568,1,1,1,1,-1,-1
235574,1,1,1,1,-1,-1
235604,1,1,1,1,-1,-1
235622,1,3,2,-1,3,1
235766,1,1,1,1,-1,-1
235818,1,3,2,-1,3,1
235821,1,1,1,1,-1,-1
235829,1,3,2,-1,-1,2
235895,1,1,2,-1,1,1
235901,1,1,1,1,-1,-1
235904,1,2,2,-1,-1,2
235909,1,2,1,2,-1,-1
235957,2,-1,2,-1,-1,2
236099,1,1,2,-1,-1,0
236131,1,1,2,-1,1,1
236135,1,1,1,1,-1,-1
236149,2,-1,2,-1,-1,2
236195,0,-1,0,-1,-1,2
236245,2,-1,2,-1,-1,2
236275,1,1,1,1,-1,-1
236291,2,-1,2,-1,-1,2
236304,1,2,2,-1,-1,2
236389,2,-1,2,-1,-1,2
236397,1,2,1,2,-1,-1
236502,1,1,1,1,-1,-1
236558,1,3,1,3,-1,-1
236570,2,-1,2,-1,-1,2
236594,1,3,2,-1,3,1
236622,1,2,1,2,-1,-1
236624,1,2,2,-1,-1,2
236628,1,2,2,-1,3,1
236635,2,-1,2,-1,-1,2
236644,2,-1,2,-1,-1,2
236734,1,3,2,-1,-1,2
236783,2,-1,2,-1,-1,2
236853,1,2,2,-1,-1,2
236878,1,3,1,3,-1,-1
236990,1,3,1,3,-1,-1
237001,1,3,2,-1,-1,2
237008,1,2,2,-1,2,1
237100,1,2,1,2,-1,-1
237101,1,2,2,-1,2,1
237172,2,-1,2,-1,-1,2
237205,1,1,1,1,-1,-1
237306,1,2,1,2,-1,-1
237391,1,2,2,-1,-1,2
237431,1,2,1,2,-1,-1
237439,1,1,1,1,-1,-1
237485,1,2,2,-1,2,1
237514,1,1,1,1,-1,-1
237569,1,2,2,-1,-1,2
237570,2,-1,2,-1,-1,2
237604,1,2,2,-1,-1,0
237627,1,1,1,1,-1,-1
237646,1,2,2,-1,2,1
237723,1,2,2,-1,2,1
237741,1,2,2,-1,2,1
237748,1,2,1,2,-1,-1
237750,2,-1,2,-1,-1,2
237778,1,1,2,-1,1,1
237918,2,-1,2,-1,-1,2
237932,1,2,1,2,-1,-1
237966,1,3,2,-1,-1,0
237977,1,1,2,-1,1,1
238036,1,3,2,-1,-1,2
238070,0,-1,2,-1,-1,2
238164,1,2,1,2,-1,-1
238231,1,2,1,2,-1,-1
238290,1,1,1,1,-1,-1
238335,1,1,1,2,1,1
238376,1,3,2,-1,-1,2
238438,0,-1,2,-1,-1,0
238455,2,-1,2,-1,-1,2
238485,1,2,2,-1,-1,2
238658,2,-1,2,-1,-1,2
238660,1,3,1,3,-1,-1
238758,2,-1,2,-1,-1,2
238878,2,-1,2,-1,-1,2
238961,1,2,1,2,-1,-1
239051,2,-1,2,-1,-1,2
239181,0,-1,0,-1,-1,0
239207,2,-1,2,-1,-1,2
239213,1,3,2,-1,-1,2
239225,2,-1,2,-1,-1,2
239238,1,2,2,-1,-1,2
239277,1,1,1,1,-1,-1
239346,1,3,1,3,-1,-1
239569,2,-1,2,-1,-1,2
239697,1,3,1,3,-1,-1
240095,1,2,1,2,-1,-1
240149,1,2,2,-1,-1,2
240200,1,2,2,-1,-1,0
240210,1,1,1,1,-1,-1
240215,1,2,1,3,2,1
240315,1,3,1,3,-1,-1
240467,1,3,2,-1,-1,2
240480,1,3,2,-1,-1,0
240591,1,2,2,-1,2,1
240626,1,1,2,-1,-1,2
240682,2,-1,2,-1,-1,2
240705,1,3,2,-1,-1,2
240717,2,-1,2,-1,-1,2
240943,1,2,2,-1,-1,2
240958,1,3,2,-1,-1,2
241141,2,-1,2,-1,-1,2
241212,1,3,2,-1,-1,2
241234,1,2,1,2,-1,-1
241250,2,-1,2,-1,-1,2
241255,1,2,2,-1,-1,2
241367,1,3,1,3,-1,-1
241440,1,3,1,3,-1,-1
241514,1,3,2,-1,-1,2
241565,1,2,2,-1,-1,2
243967,1,3,1,3,-1,-1
244536,1,3,2,-1,3,1
244680,1,2,0,-1,2,1
244707,1,2,1,2,-1,-1
244712,1,2,2,-1,2,1
244714,1,2,1,2,-1,-1
244733,1,1,1,1,-1,-1
244751,1,1,1,1,-1,-1
244753,1,2,1,2,-1,-1
244780,1,1,1,1,-1,-1
244782,1,1,1,1,-1,-1
244796,1,1,1,1,-1,-1
244800,1,2,1,2,-1,-1
244804,1,2,1,3,2,1
244806,1,3,1,3,-1,-1
244807,1,1,2,-1,3,1
244809,1,2,2,-1,-1,2
244810,1,1,1,1,-1,-1
244816,1,3,1,3,-1,-1
244819,1,1,1,1,-1,-1
244836,1,1,1,1,-1,-1
244840,1,3,1,3,-1,-1
244847,1,1,1,1,-1,-1
244854,1,1,1,1,-1,-1
244859,1,1,1,1,-1,-1
244863,1,2,1,2,-1,-1
244879,1,1,1,1,-1,-1
244887,1,2,1,2,-1,-1
244888,1,1,1,1,-1,-1
244896,2,-1,2,-1,-1,2
244898,1,3,1,3,-1,-1
244919,1,1,1,1,-1,-1
244930,1,1,1,1,-1,-1
244943,1,1,1,1,-1,-1
244946,1,2,1,2,-1,-1
244959,1,1,1,3,1,1
244964,1,1,1,2,1,1
244966,1,1,0,-1,1,1
244986,1,1,1,1,-1,-1
244994,1,1,2,-1,-1,2
244995,1,1,1,1,-1,-1
245000,1,1,1,2,1,1
245003,1,1,2,-1,1,1
245012,1,1,2,-1,1,1
245020,1,1,1,1,-1,-1
245031,1,2,1,2,-1,-1
245037,1,1,1,1,-1,-1
245041,1,1,1,1,-1,-1
245047,2,-1,2,-1,-1,2
245053,1,1,1,1,-1,-1
245056,1,1,1,1,-1,-1
245064,1,2,1,2,-1,-1
245073,1,2,1,2,-1,-1
245076,1,2,1,2,-1,-1
245095,1,1,1,3,-1,-1
245109,1,1,1,1,-1,-1
245111,1,2,1,2,-1,-1
245124,1,1,1,1,-1,-1
245125,1,3,2,-1,3,1
245134,1,1,2,-1,1,1
245136,1,2,1,2,-1,-1
245201,1,1,1,1,-1,-1
245216,1,2,1,2,-1,-1
245249,1,1,2,-1,3,1
245258,1,2,1,2,-1,-1
245261,1,2,1,2,-1,-1
245275,1,1,2,-1,1,1
245315,1,1,1,1,-1,-1
245324,1,1,1,1,-1,-1
245342,1,2,1,2,-1,-1
245355,1,3,1,3,-1,-1
245390,1,2,1,2,-1,-1
245395,1,1,1,1,-1,-1
245410,1,2,2,-1,2,1
245426,1,1,1,1,-1,-1
245427,1,1,2,-1,1,1
245430,1,1,1,1,-1,-1
245442,1,2,1,2,-1,-1
245447,1,2,1,2,-1,-1
245464,1,1,1,1,-1,-1
245492,1,2,1,3,2,1
245510,1,1,1,1,-1,-1
245511,1,1,2,-1,1,1
245532,1,1,1,1,-1,-1
245539,1,2,1,2,-1,-1
245540,1,1,1,1,-1,-1
245553,1,1,1,1,-1,-1
245563,1,1,1,1,-1,-1
245569,1,2,2,-1,-1,0
245574,1,2,1,2,-1,-1
245611,1,3,2,-1,3,1
245613,1,1,2,-1,1,1
245636,1,2,1,2,-1,-1
245651,1,1,1,1,-1,-1
245653,1,1,1,1,-1,-1
245654,1,2,1,2,-1,-1
245665,1,1,1,1,-1,-1
245671,1,1,2,-1,-1,2
245696,1,2,1,2,-1,-1
245699,1,1,1,1,-1,-1
245701,1,1,2,-1,1,1
245711,1,2,2,-1,2,1
245718,1,1,1,1,-1,-1
245719,1,2,2,-1,-1,2
245747,1,1,2,-1,1,1
245794,1,2,1,2,-1,-1
245797,1,2,2,-1,2,1
245802,2,-1,2,-1,-1,2
245811,1,2,2,-1,2,1
245820,1,2,2,-1,2,1
245831,1,1,1,1,-1,-1
245847,1,3,2,-1,3,1
245865,1,1,1,1,-1,-1
245867,1,1,1,1,-1,-1
245895,1,1,1,1,-1,-1
245896,1,1,1,1,-1,-1
245899,1,1,1,1,-1,-1
245948,1,2,1,2,-1,-1
245954,1,2,1,2,-1,-1
245990,2,-1,2,-1,-1,2
245991,1,1,2,-1,1,1
246006,1,2,1,2,-1,-1
246014,1,2,1,2,-1,-1
246015,1,1,1,1,-1,-1
246056,1,1,2,-1,1,1
246064,1,1,1,1,-1,-1
246067,1,3,2,-1,3,1
246076,1,2,1,2,-1,-1
246101,1,3,2,-1,3,1
246131,1,2,1,2,-1,-1
246157,1,1,1,1,-1,-1
246163,1,1,1,1,-1,-1
246175,1,2,2,-1,2,1
246204,1,1,1,1,1,1
246243,2,-1,2,-1,-1,2
246249,1,2,1,2,-1,-1
246251,1,3,1,3,-1,-1
246269,2,-1,2,-1,-1,2
246281,1,1,2,-1,1,1
246285,1,2,1,2,-1,-1
246292,1,1,1,1,-1,-1
246328,1,2,2,-1,2,1
246343,1,2,1,2,-1,-1
246366,1,1,1,1,-1,-1
246377,1,2,1,2,-1,-1
246389,1,1,1,1,-1,-1
246390,1,2,2,-1,2,1
246402,1,3,2,-1,3,1
246497,1,1,2,-1,1,1
246500,1,2,1,2,-1,-1
246502,1,1,1,1,-1,-1
246508,1,1,2,-1,-1,2
246517,1,1,1,2,1,1
246518,1,2,1,2,-1,-1
246533,1,1,2,-1,1,1
246536,1,1,2,-1,-1,2
246541,1,2,1,2,-1,-1
246545,1,2,1,2,-1,-1
246578,1,1,1,1,-1,-1
246588,1,2,1,2,-1,-1
246610,1,1,2,-1,1,1
246619,1,2,2,-1,2,1
246628,1,3,1,3,-1,-1
246647,1,3,1,3,-1,-1
246652,1,1,1,3,1,1
246666,1,3,2,-1,-1,2
246696,1,1,1,1,-1,-1
246702,1,1,1,1,-1,-1
246706,1,1,2,-1,1,1
246715,1,1,1,1,-1,-1
246733,1,1,1,1,-1,-1
246735,0,-1,0,-1,-1,2
246743,1,1,2,-1,-1,2
246748,1,2,1,2,-1,-1
246762,1,2,2,-1,2,1
246772,1,1,1,1,-1,-1
246773,1,1,2,-1,1,1
246779,1,2,2,-1,2,1
246782,1,1,1,1,-1,-1
246785,1,1,2,-1,1,1
246806,1,2,1,2,-1,-1
246826,1,3,2,-1,-1,2
246854,1,1,1,1,-1,-1
246860,1,2,2,-1,-1,2
246865,1,1,2,-1,1,1
246866,1,1,2,-1,2,1
246877,1,2,1,2,-1,-1
246939,1,1,1,1,1,1
246981,1,2,1,2,-1,-1
246992,1,1,1,1,-1,-1
247082,1,2,2,-1,-1,2
247090,1,2,1,2,-1,-1
247091,2,-1,2,-1,-1,2
247106,2,-1,2,-1,-1,2
247122,1,2,1,2,-1,-1
247125,1,3,1,3,-1,-1
247134,1,2,2,-1,3,1
247144,1,1,1,1,-1,-1
247158,1,1,1,1,-1,-1
247159,1,2,2,-1,2,1
247168,1,1,1,1,-1,-1
247189,1,1,1,1,-1,-1
247193,1,2,1,2,-1,-1
247203,1,1,2,-1,1,1
247205,1,2,1,2,-1,-1
247218,1,1,1,1,-1,-1
247236,1,1,1,1,-1,-1
247256,1,3,2,-1,-1,0
247257,1,1,2,-1,1,1
247262,1,2,2,-1,-1,2
247264,1,2,2,-1,-1,2
247275,1,1,1,1,-1,-1
247293,1,2,1,2,-1,-1
247297,1,1,1,1,-1,-1
247305,1,3,2,-1,-1,2
247308,1,3,2,-1,3,1
247312,1,1,1,1,-1,-1
247323,1,1,1,1,-1,-1
247326,1,1,1,1,-1,-1
247351,1,2,2,-1,2,1
247366,2,-1,2,-1,-1,2
247367,1,3,1,3,-1,-1
247369,1,2,1,2,-1,-1
247375,1,1,0,-1,2,1
247382,1,1,1,1,-1,-1
247401,1,1,1,1,-1,-1
247409,2,-1,2,-1,-1,2
247418,1,1,1,1,-1,-1
247436,1,1,1,1,-1,-1
247442,2,-1,2,-1,-1,2
247446,1,2,1,2,-1,-1
247452,1,3,2,-1,-1,2
247471,1,2,1,2,-1,-1
247479,1,1,1,1,-1,-1
247491,1,1,1,1,-1,-1
247494,1,1,1,1,-1,-1
247500,1,2,1,2,-1,-1
247502,1,1,1,1,-1,-1
247506,1,1,1,2,1,1
247513,2,-1,2,-1,-1,2
247520,1,2,1,2,-1,-1
247528,1,1,1,1,-1,-1
247532,1,1,1,1,-1,-1
247533,2,-1,2,-1,-1,2
247536,1,1,1,1,-1,-1
247573,1,1,1,1,-1,-1
247586,1,2,1,2,-1,-1
247601,1,1,2,-1,1,1
247629,1,2,1,2,-1,-1
247635,1,1,2,-1,1,1
247649,1,2,1,2,-1,-1
247653,1,1,1,1,-1,-1
247664,1,3,1,3,-1,-1
247665,1,1,2,-1,1,1
247675,1,1,1,1,-1,-1
247684,1,1,1,1,-1,-1
247694,2,-1,2,-1,-1,2
247695,1,1,1,1,-1,-1
247696,2,-1,2,-1,-1,2
247710,1,1,1,1,1,1
247716,1,2,1,2,-1,-1
247719,1,2,1,2,-1,-1
247745,2,-1,2,-1,-1,2
247752,1,2,1,2,-1,-1
247756,1,2,1,2,-1,-1
247777,2,-1,2,-1,-1,2
247780,1,1,1,1,-1,-1
247782,1,1,2,-1,2,1
247817,2,-1,2,-1,-1,2
247818,1,2,1,2,-1,-1
247821,1,2,1,2,-1,-1
247822,1,3,2,-1,-1,2
247823,1,1,1,1,-1,-1
247847,1,2,2,-1,2,1
247850,1,1,1,1,-1,-1
247871,1,2,2,-1,2,1
247882,2,-1,2,-1,-1,2
247884,1,2,2,-1,-1,2
247890,1,1,1,1,-1,-1
247908,1,1,2,-1,1,1
247919,1,1,1,1,-1,-1
247920,1,2,2,-1,2,1
247935,1,2,2,-1,-1,2
247938,1,2,1,2,-1,-1
247947,2,-1,2,-1,-1,2
247950,1,3,2,-1,-1,2
248008,1,2,1,2,-1,-1
248016,2,-1,2,-1,-1,2
248019,2,-1,2,-1,-1,2
248041,1,1,2,-1,1,1
248059,1,1,1,1,-1,-1
248066,1,2,2,-1,-1,2
248071,1,2,2,-1,2,1
248107,2,-1,2,-1,-1,2
248119,1,2,1,2,-1,-1
248121,1,3,2,-1,3,1
248134,1,1,1,1,-1,-1
248174,1,2,1,2,-1,-1
248176,1,2,2,-1,2,1
248212,1,1,2,-1,1,1
248223,1,1,1,2,1,1
248241,1,2,2,-1,-1,0
248247,1,3,2,-1,3,1
248253,1,2,2,-1,2,1
248291,1,2,2,-1,2,1
248308,2,-1,2,-1,-1,2
248310,1,1,1,1,-1,-1
248317,1,1,1,1,-1,-1
248322,1,2,2,-1,-1,2
248329,1,2,1,2,-1,-1
248335,1,1,2,-1,1,1
248350,1,1,1,1,-1,-1
248376,1,3,2,-1,3,1
248378,1,2,1,2,-1,-1
248380,1,2,1,2,-1,-1
248381,2,-1,2,-1,-1,2
248398,1,2,1,2,-1,-1
248403,1,1,1,1,-1,-1
248405,2,-1,2,-1,-1,2
248423,1,3,2,-1,3,1
248433,1,3,2,-1,-1,2
248450,1,3,2,-1,3,1
248451,1,2,1,2,-1,-1
248472,1,1,1,1,-1,-1
248497,1,3,2,-1,3,1
248505,2,-1,2,-1,-1,2
248547,1,3,2,-1,3,1
248566,1,1,2,-1,3,1
248570,1,2,1,2,-1,-1
248594,1,1,2,-1,3,1
248602,1,1,1,3,1,1
248615,0,-1,2,-1,-1,0
248620,1,3,1,3,-1,-1
248636,1,1,1,1,-1,-1
248640,1,3,2,-1,3,1
248645,1,1,1,1,-1,-1
248658,2,-1,2,-1,-1,2
248665,1,1,1,1,-1,-1
248711,1,1,1,1,-1,-1
248717,1,2,1,2,-1,-1
248720,1,1,1,1,-1,-1
248736,1,2,2,-1,-1,2
248751,1,1,1,1,-1,-1
248785,1,3,2,-1,-1,2
248791,1,1,1,1,-1,-1
248809,2,-1,2,-1,-1,2
248811,1,1,1,1,-1,-1
248837,1,1,1,3,1,1
248843,2,-1,2,-1,-1,2
248850,1,2,1,2,-1,-1
248851,2,-1,2,-1,-1,2
248863,2,-1,2,-1,-1,2
248876,1,2,1,2,-1,-1
248912,1,2,0,-1,2,1
248924,1,1,1,1,-1,-1
248957,1,2,2,-1,2,1
248992,1,1,1,1,-1,-1
249032,1,1,1,1,-1,-1
249046,2,-1,2,-1,-1,2
249062,1,1,1,1,-1,-1
249064,2,-1,2,-1,-1,2
249066,1,2,1,2,-1,-1
249073,1,3,2,-1,3,1
249099,1,2,1,2,-1,-1
249118,1,2,1,2,-1,-1
249123,1,1,1,1,-1,-1
249126,1,1,1,1,-1,-1
249180,1,1,1,1,-1,-1
249182,2,-1,2,-1,-1,2
249193,1,3,0,-1,3,1
249201,1,3,2,-1,-1,2
249288,1,2,1,2,-1,-1
249309,1,3,1,3,-1,-1
249342,2,-1,2,-1,-1,2
249380,1,2,2,-1,-1,2
249460,1,1,1,1,-1,-1
249516,1,2,1,2,-1,-1
249553,1,2,1,2,-1,-1
249561,2,-1,2,-1,-1,2
249564,1,1,2,-1,1,1
249627,1,1,2,-1,-1,2
249630,2,-1,2,-1,-1,2
249634,1,3,2,-1,-1,2
249640,1,1,0,-1,1,1
249658,1,1,1,1,-1,-1
249661,1,1,1,1,-1,-1
249665,2,-1,2,-1,-1,2
249669,1,3,2,-1,3,1
249673,2,-1,2,-1,-1,2
249683,1,2,1,2,-1,-1
249684,1,3,1,3,-1,-1
249710,1,1,1,1,-1,-1
249735,1,3,2,-1,3,1
249775,1,2,1,2,-1,-1
249791,0,-1,0,-1,-1,2
249803,1,2,1,2,-1,-1
249807,1,2,2,-1,2,1
249845,1,1,1,1,-1,-1
249862,1,3,2,-1,3,1
249870,2,-1,2,-1,-1,2
249920,1,1,0,-1,1,1
250011,1,2,1,2,-1,-1
250015,1,1,1,1,-1,-1
250042,1,2,2,-1,-1,2
250058,1,3,2,-1,-1,2
250088,1,2,1,2,-1,-1
250141,1,2,1,2,-1,-1
250209,0,-1,2,-1,-1,0
250214,2,-1,2,-1,-1,2
250216,2,-1,2,-1,-1,2
250360,1,3,2,-1,-1,2
250400,2,-1,2,-1,-1,2
250401,1,1,1,3,1,1
250405,2,-1,2,-1,-1,2
250424,1,3,1,3,-1,-1
250485,1,3,1,3,-1,-1
250542,1,2,1,2,-1,-1
250677,2,-1,2,-1,-1,2
250764,1,2,1,2,-1,-1
250809,1,3,1,3,-1,-1
250868,1,1,1,1,-1,-1
251096,1,3,2,-1,3,1
251147,1,3,2,-1,-1,2
251150,2,-1,2,-1,-1,2
251271,1,1,1,1,-1,-1
251593,1,2,1,2,-1,-1
251718,1,3,2,-1,-1,0
252105,1,1,2,-1,1,1
252615,1,2,2,-1,2,1
252666,2,-1,2,-1,-1,2
252758,2,-1,2,-1,-1,2
252927,1,3,2,-1,-1,2
253121,1,1,2,-1,-1,2
253163,1,1,2,-1,1,1
253581,1,3,2,-1,3,1
253655,1,2,2,-1,-1,2
253797,1,1,2,-1,1,1
255008,2,-1,2,-1,-1,2
256100,2,-1,2,-1,-1,2
256465,1,2,2,-1,-1,2
256647,2,-1,2,-1,-1,2
256656,1,1,1,1,-1,-1
257041,1,2,2,-1,-1,2
257649,2,-1,2,-1,-1,2
260159,1,1,2,-1,1,1
260323,2,-1,2,-1,-1,2
261327,1,3,2,-1,3,1
261795,1,2,1,2,-1,-1
262357,1,2,1,2,-1,-1
262361,1,1,1,1,-1,-1
262646,2,-1,2,-1,-1,2
262660,1,3,2,-1,3,1
263011,1,2,2,-1,2,1
263279,1,3,2,-1,3,1
264562,1,2,1,2,-1,-1
264590,1,3,2,-1,3,1
264761,2,-1,2,-1,-1,2
264811,1,3,2,-1,-1,0
264882,2,-1,2,-1,-1,2
265618,1,1,1,1,-1,-1
266230,1,2,1,2,-1,-1
266818,1,3,1,3,-1,-1
266949,1,1,1,1,-1,-1
266958,1,1,1,1,-1,-1
266967,2,-1,2,-1,-1,2
266977,2,-1,2,-1,-1,2
267014,1,3,2,-1,3,1
267027,1,2,2,-1,-1,0
267197,1,3,2,-1,3,1
267215,1,3,2,-1,-1,2
267347,1,3,2,-1,3,1
267833,1,1,1,2,1,1
274919,1,3,2,-1,-1,2
